{
  "overall": {
    "precision": 0.8129451894526558,
    "recall": 0.8152380952380952,
    "f1": 0.8138127917711966,
    "num_samples": 1050.0
  },
  "class": {
    "arts_&_culture": {
      "precision": 0.5882352941176471,
      "recall": 0.43478260869565216,
      "f1": 0.5,
      "num_samples": 23.0
    },
    "business_&_entrepreneurs": {
      "precision": 0.6086956521739131,
      "recall": 0.5957446808510638,
      "f1": 0.6021505376344086,
      "num_samples": 47.0
    },
    "daily_life": {
      "precision": 0.6083916083916084,
      "recall": 0.6041666666666666,
      "f1": 0.6062717770034843,
      "num_samples": 144.0
    },
    "pop_culture": {
      "precision": 0.8619854721549637,
      "recall": 0.8661800486618005,
      "f1": 0.8640776699029127,
      "num_samples": 411.0
    },
    "science_&_technology": {
      "precision": 0.6153846153846154,
      "recall": 0.6153846153846154,
      "f1": 0.6153846153846154,
      "num_samples": 52.0
    },
    "sports_&_gaming": {
      "precision": 0.9050131926121372,
      "recall": 0.9195710455764075,
      "f1": 0.9122340425531914,
      "num_samples": 373.0
    }
  },
  "slices": {
    "short_tweet": {
      "precision": 0.68,
      "recall": 0.68,
      "f1": 0.68,
      "num_samples": 25
    }
  }
}