{
  "overall": {
    "precision": 0.8143062914498059,
    "recall": 0.8180085755121487,
    "f1": 0.8154382333978958,
    "num_samples": 2099.0
  },
  "class": {
    "arts_&_culture": {
      "precision": 0.6,
      "recall": 0.391304347826087,
      "f1": 0.47368421052631576,
      "num_samples": 46.0
    },
    "business_&_entrepreneurs": {
      "precision": 0.6436781609195402,
      "recall": 0.5894736842105263,
      "f1": 0.6153846153846153,
      "num_samples": 95.0
    },
    "daily_life": {
      "precision": 0.5945017182130584,
      "recall": 0.6006944444444444,
      "f1": 0.5975820379965459,
      "num_samples": 288.0
    },
    "pop_culture": {
      "precision": 0.8631961259079903,
      "recall": 0.8684531059683313,
      "f1": 0.8658166363084395,
      "num_samples": 821.0
    },
    "science_&_technology": {
      "precision": 0.6914893617021277,
      "recall": 0.625,
      "f1": 0.6565656565656566,
      "num_samples": 104.0
    },
    "sports_&_gaming": {
      "precision": 0.8975356679636836,
      "recall": 0.9288590604026845,
      "f1": 0.912928759894459,
      "num_samples": 745.0
    }
  },
  "slices": {
    "with_emojis": {
      "precision": 0.8072519083969466,
      "recall": 0.8072519083969466,
      "f1": 0.8072519083969466,
      "num_samples": 1572
    },
    "short_tweet": {
      "precision": 0.8346456692913385,
      "recall": 0.8346456692913385,
      "f1": 0.8346456692913384,
      "num_samples": 254
    }
  }
}